<?xml version="1.0"?>
<!--
/**
* Copyright 2016 aheadWorks. All rights reserved.
* See LICENSE.txt for license details.
*/
-->

<config xmlns:xsi="http://www.w3.org/2001/XMLSchema-instance" xsi:noNamespaceSchemaLocation="urn:magento:module:Magento_Config:etc/system_file.xsd">
    <system>
        <tab id="directshop_base" translate="label" sortOrder="300">
            <label>Directshop Solutions</label>
        </tab>
        <section id="directshop_base" translate="label" type="text" sortOrder="150" showInDefault="1" showInWebsite="1" showInStore="1">
            <label>Settings</label>
            <tab>directshop_base</tab>
            <resource>Directshop_Base::config_directshop_base</resource>
            <group id="notifications" translate="label" type="text" sortOrder="10" showInDefault="1" showInWebsite="1" showInStore="1">
                <label>Notifications</label>
                <field id="notification_enabled" translate="label" type="select" sortOrder="10" showInDefault="1" showInWebsite="1" showInStore="0">
                    <label>Enable Directshop Notifications</label>
                   <source_model>Magento\Config\Model\Config\Source\Yesno</source_model>
                </field>
                <field id="notification_use_https" translate="label comment" type="select" sortOrder="20" showInDefault="1" showInWebsite="1" showInStore="0">
                    <label>Use HTTPS to Get Feed</label>
                    <source_model>Magento\Config\Model\Config\Source\Yesno</source_model>                    
                </field>
                <field id="notification_frequency" translate="label" type="select" sortOrder="30" showInDefault="1" showInWebsite="1" showInStore="0">
                    <label>Update Frequency</label>
                    <source_model>Directshop\Base\Model\Source\Frequency</source_model>
                </field>
            </group>   
        </section>
    </system>
</config>
