<?xml version="1.0"?>
<config xmlns:xsi="http://www.w3.org/2001/XMLSchema-instance" xsi:noNamespaceSchemaLocation="urn:magento:framework:ObjectManager/etc/config.xsd">
	<virtualType name="Magento\Sales\Model\ResourceModel\Order\Grid">
        <arguments>
            <argument name="joins" xsi:type="array">
                <item name="frauddetection_data" xsi:type="array">
                    <item name="table" xsi:type="string">frauddetection_data</item>
                    <item name="origin_column" xsi:type="string">entity_id</item>
                    <item name="target_column" xsi:type="string">order_id</item>
                </item>
            </argument>
            <argument name="columns" xsi:type="array">
                <item name="fraud_score" xsi:type="string">frauddetection_data.fraud_score</item>
            </argument>
        </arguments>
    </virtualType>
</config>