<?xml version="1.0"?>
<!--
/**
* Copyright 2016 aheadWorks. All rights reserved.
* See LICENSE.txt for license details.
*/
-->

<config xmlns:xsi="http://www.w3.org/2001/XMLSchema-instance" xsi:noNamespaceSchemaLocation="urn:magento:module:Magento_Config:etc/system_file.xsd">
    <system> 	    
        <section id="directshop_fraud" translate="label" type="text" sortOrder="150" showInDefault="1" showInWebsite="1" showInStore="1">
            <label>Directshop Fraud Detection</label>
            <tab>directshop_base</tab>
            <resource>Directshop_Base::config_directshop_frauddetection</resource>
            <group id="general" translate="label" type="text" sortOrder="10" showInDefault="1" showInWebsite="1" showInStore="1">
                <label>General</label>
				<comment><![CDATA[<div style='border: 2px dotted #aaaacc;padding:22px;margin:4px;background-color:white'>			    				
							  <ul style="padding:5px">
							  <li>The riskScore, returned by the minFraud service, represents the likelihood that a given transaction is fraudulent. Merchants use the riskScore to determine whether to accept, reject, manually review, or submit transactions to complementary services for further screening.</li>
							  <li>The riskScore is given as a percentage, and as such it ranges from 0.01 to 100.00. For example, an order with a riskScore of 20.00 has a 20% chance of being fraudulent, while an order with a riskScore of 0.10 has a 0.1% chance of being fraudulent.</li>
							  <li>There is no single recommended set of riskScore values to use for deciding whether to accept, reject, manually review, or submit transactions to complementary services for analysis. In determining what thresholds to set, you should consider the costs of chargebacks and lost goods, the cost of manual review, the cost of complementary services, and the cost of potentially rejecting good orders.</li>
							  <li><b>A recommended strategy is to at first only automatically accept orders under a low riskScore (e.g., 3.00), only automatically reject orders above a high riskScore (e.g., 70.00), and manually review all other transactions. After monitoring the riskScores received for the manually reviewed transactions, you can adjust the thresholds appropriately to reduce the amount of manual review required.</b></li>
							  <li>Below is the distribution of riskScores returned by the minFraud service across all users. You can use this data to estimate the number of orders that will be approved, rejected, or held back for review given the thresholds you set. Please note that the distribution of riskScores you observe may differ.</li>
							  <li>Approximate distribution of riskScores across all minFraud clients riskScore range Percent of orders in range</li>							  
							  </ul>
							  
							  <table class="table table-bordered table-striped" style="-moz-border-bottom-colors: none;-moz-border-left-colors: none;-moz-border-right-colors: none;-moz-border-top-colors: none;border-collapse: separate;border-color: #DDDDDD #DDDDDD #DDDDDD #DDDDDD;border-image: none;border-radius: 4px 4px 4px 4px;border-style: solid solid solid solid;border-width: 1px 1px 1px 1px;line-height: 20px;border-spacing: 0;width: 480px;">
							    <thead>
									<tr>
										<th style=" border-top-left-radius: 4px; padding: 8px;text-align: left;">riskScore range</th>
										<th style="border-left: 1px solid #DDDDDD; padding: 8px;text-align: left;">Percent of orders in range</th>
									</tr>
								</thead>
								<tbody>								
									<tr >
										<td style="padding: 8px;text-align: left;border-top: 1px solid #DDDDDD;background-color: #E8ECF1;">0.10 - 4.99</td>
										<td style="border-left: 1px solid #DDDDDD; padding: 8px;text-align: left;border-top: 1px solid #DDDDDD;background-color: #E8ECF1;">90%</td>
									</tr>									
									<tr>
										<td style="padding: 8px;text-align: left;border-top: 1px solid #DDDDDD;">5.00 - 9.99</td>
										<td style="border-left: 1px solid #DDDDDD; padding: 8px;text-align: left;border-top: 1px solid #DDDDDD;">5%</td>
									</tr>									
									<tr>
										<td style="padding: 8px;text-align: left;border-top: 1px solid #DDDDDD;background-color: #E8ECF1;">10.00 - 29.99</td>
										<td style="border-left: 1px solid #DDDDDD; padding: 8px;text-align: left;border-top: 1px solid #DDDDDD;background-color: #E8ECF1;">3%</td>
									</tr>									
									<tr>
										<td style="padding: 8px;text-align: left;border-top: 1px solid #DDDDDD;">30.00 - 99.99</td>
										<td style="border-left: 1px solid #DDDDDD; padding: 8px;text-align: left;border-top: 1px solid #DDDDDD;">2%</td>
									</tr>								
								</tbody>
								</table>						  
							  </div>
						 ]]></comment>
                <field id="threshold" translate="label" type="text" sortOrder="10" showInDefault="1" showInWebsite="1" showInStore="0">
                    <label>Score Threshold</label>                   
                </field>
                <field id="holdwhenflagged" translate="label comment" type="select" sortOrder="20" showInDefault="1" showInWebsite="1" showInStore="0">
                    <label>Hold order when over threshold</label>
                    <source_model>Magento\Config\Model\Config\Source\Yesno</source_model>                    
                </field>
				
				<field id="email_when_holded_reciever" translate="label" type="select" sortOrder="30" showInDefault="1" showInWebsite="1" showInStore="1">
                    <label>Order Hold Email Reciever</label>
                    <source_model>Magento\Config\Model\Config\Source\Email\Identity</source_model>
                </field>               
			    <field id="email" translate="label" type="select" sortOrder="40" showInDefault="1" showInWebsite="1" showInStore="1">
                    <label>Order Hold Template</label>
                    <source_model>Magento\Config\Model\Config\Source\Email\Template</source_model>                   
                </field>
				
				 <field id="email_when_holded_copy_to" translate="label" type="text" sortOrder="50" showInDefault="1" showInWebsite="1" showInStore="0">
                    <label>Send Order Hold Email Copy To</label> 
				   <comment>Separate by ",".</comment>                  
                </field>
				<field id="ipexceptions" translate="label" sortOrder="60" showInDefault="1" showInWebsite="1" showInStore="0">
                    <label>IP Address Exceptions</label> 
					<frontend_model>Directshop\FraudDetection\Block\Adminhtml\System\Config\Form\Field\Ipexceptions</frontend_model>
                    <backend_model>Magento\Config\Model\Config\Backend\Serialized\ArraySerialized</backend_model>
				   <comment>Orders coming from these IP Addresses will not be checked for possible fraud.</comment>                  
                </field>		                
            </group>
			<group id="maxmind" translate="label" type="text" sortOrder="10" showInDefault="1" showInWebsite="1" showInStore="1">
                <label>MaxMind</label>
				<field id="licensekey" translate="label" type="text" sortOrder="10" showInDefault="1" showInWebsite="1" showInStore="0">
                    <label>MaxMind License Key</label>
					<comment><![CDATA[<a href='http://www.maxmind.com/en/ccv_buynow?rId=directshop' target ='_blank'>Sign up to MaxMind</a>]]></comment>                   
                </field>
				<field id="request_type" translate="label" type="select" sortOrder="10" showInDefault="1" showInWebsite="1" showInStore="0">
                    <label>Request Type</label>
					<source_model>Directshop\FraudDetection\Model\Requesttype</source_model>
					<comment><![CDATA[<a href='http://www.maxmind.com/en/ccv_buynow?rId=directshop' target ='_blank'>Click here</a> to buy Maxmind credits]]></comment>     
                </field>
			</group>
			<group id="debug" translate="label" type="text" sortOrder="10" showInDefault="1" showInWebsite="1" showInStore="1">
                <label>Debug</label>
				<field id="force_ip" translate="label" type="text" sortOrder="10" showInDefault="1" showInWebsite="1" showInStore="0">
                    <label>Force IP Address</label>
					<comment>This will override the IP address of all orders when retrieving fraud information. This should be left empty except for debugging purposes.</comment>   
                </field>
			</group>		   
        </section>
    </system>
</config>
